{"is_source_file": true, "format": "Python", "description": "This file sets up a FastAPI application with CORS middleware and defines a basic health check endpoint.", "external_files": ["fastapi", "fastapi.middleware.cors"], "external_methods": ["FastAPI", "CORSMiddleware"], "published": ["app"], "classes": [], "methods": [{"name": "health_check()", "description": "Handles GET requests to the root URL and returns a health status message.", "scope": "", "scopeKind": ""}], "calls": ["FastAPI", "CORSMiddleware", "app.add_middleware", "app.get"], "search-terms": ["FastAPI", "CORS middleware", "health check endpoint", "main.py"], "state": 2, "file_id": 3, "knowledge_revision": 9, "git_revision": "83ab3a604e008243d813b7564b4ed06f95a6c9c6", "ctags": [{"_type": "tag", "name": "app", "path": "/home/kavia/workspace/code-generation/documentation-hub-214866-214877/documentation_backend/src/api/main.py", "pattern": "/^app = FastAPI()$/", "language": "Python", "kind": "variable"}, {"_type": "tag", "name": "health_check", "path": "/home/kavia/workspace/code-generation/documentation-hub-214866-214877/documentation_backend/src/api/main.py", "pattern": "/^def health_check():$/", "language": "Python", "kind": "function", "signature": "()"}], "hash": "58352bf5f133908bab16643199aa483d", "format-version": 4, "code-base-name": "documentation_backend", "filename": "documentation_backend/src/api/main.py", "fields": [{"name": "app = FastAPI()", "scope": "", "scopeKind": "", "description": "unavailable"}], "revision_history": [{"9": "83ab3a604e008243d813b7564b4ed06f95a6c9c6"}]}