{"is_source_file": true, "file_id": 2, "git_revision": "83ab3a604e008243d813b7564b4ed06f95a6c9c6", "state": 2, "description": "", "external_files": [], "external_methods": [], "published": [], "classes": [], "methods": [], "calls": [], "search-terms": [], "ctags": [], "hash": null, "format-version": 4, "code-base-name": "documentation_backend", "filename": "documentation_backend/src/api/__init__.py", "knowledge_revision": 8, "revision_history": [{"8": "83ab3a604e008243d813b7564b4ed06f95a6c9c6"}]}