{"is_source_file": true, "format": "Python", "description": "This file generates and writes the OpenAPI schema to a JSON file, serving as part of the API documentation generation process.", "external_files": ["src/api/main.py"], "external_methods": ["app.openapi()"], "published": ["openapi_schema"], "classes": [], "methods": [{"name": "app.openapi", "description": "Method to generate the OpenAPI schema for the API"}], "calls": ["app.openapi()", "os.path.join", "json.dump"], "search-terms": ["generate_openapi", "openapi_schema", "api documentation", "schema generation"], "state": 2, "file_id": 4, "knowledge_revision": 7, "git_revision": "83ab3a604e008243d813b7564b4ed06f95a6c9c6", "ctags": [{"_type": "tag", "name": "openapi_schema", "path": "/home/kavia/workspace/code-generation/documentation-hub-214866-214877/documentation_backend/src/api/generate_openapi.py", "pattern": "/^openapi_schema = app.openapi()$/", "language": "Python", "kind": "variable"}, {"_type": "tag", "name": "output_dir", "path": "/home/kavia/workspace/code-generation/documentation-hub-214866-214877/documentation_backend/src/api/generate_openapi.py", "pattern": "/^output_dir = \"interfaces\"$/", "language": "Python", "kind": "variable"}, {"_type": "tag", "name": "output_path", "path": "/home/kavia/workspace/code-generation/documentation-hub-214866-214877/documentation_backend/src/api/generate_openapi.py", "pattern": "/^output_path = os.path.join(output_dir, \"openapi.json\")$/", "language": "Python", "kind": "variable"}], "hash": "61e3715e79bc397fab3e70f503a41417", "format-version": 4, "code-base-name": "documentation_backend", "filename": "documentation_backend/src/api/generate_openapi.py", "fields": [{"name": "openapi_schema = app.openapi()", "scope": "", "scopeKind": "", "description": "unavailable"}, {"name": "output_dir = \"interfaces\"", "scope": "", "scopeKind": "", "description": "unavailable"}, {"name": "output_path = os.path.join(output_dir, \"openapi.json\")", "scope": "", "scopeKind": "", "description": "unavailable"}], "revision_history": [{"7": "83ab3a604e008243d813b7564b4ed06f95a6c9c6"}]}