{"is_source_file": false, "format": "", "description": "", "external_files": [], "external_methods": [], "published": [], "classes": [], "methods": [], "calls": [], "search-terms": [], "state": 2, "file_id": 5, "knowledge_revision": 11, "git_revision": "48a502379443b02ace73ed717684b3747a73fbc3", "hash": "61ef14a9780590487a39b4e28c74e95a", "format-version": 4, "code-base-name": "documentation_backend", "filename": "documentation_backend/interfaces/openapi.live.json", "revision_history": [{"11": "48a502379443b02ace73ed717684b3747a73fbc3"}]}