{"is_source_file": false, "format": "", "description": "", "external_files": [], "external_methods": [], "published": [], "classes": [], "methods": [], "calls": [], "search-terms": [], "state": 2, "file_id": 1, "knowledge_revision": 6, "git_revision": "049512b3b1f75875911ce21fb9a92054dcd3f296", "hash": "1d1e7a133a841639487218f356f0b4dd", "format-version": 4, "code-base-name": "documentation_backend", "filename": "README.md", "revision_history": [{"6": "049512b3b1f75875911ce21fb9a92054dcd3f296"}]}